{
  "version": 1,
  "projects": {
  },
  "cli": {
    "defaultCollection": "@nrwl/react"
  },
  "schematics": {
    "@nrwl/workspace": {
      "library": {
        "linter": "eslint"
      }
    },
    "@nrwl/cypress": {
      "cypress-project": {
        "linter": "eslint"
      }
    },
    "@nrwl/react": {
      "application": {
        "style": "scss",
        "linter": "eslint",
        "babel": true
      },
      "component": {
        "style": "scss"
      },
      "library": {
        "style": "scss",
        "linter": "eslint"
      }
    },
    "@nrwl/next": {
      "application": {
        "linter": "eslint"
      }
    },
    "@nrwl/web": {
      "application": {
        "linter": "eslint"
      }
    },
    "@nrwl/node": {
      "application": {
        "linter": "eslint"
      },
      "library": {
        "linter": "eslint"
      }
    },
    "@nrwl/nx-plugin": {
      "plugin": {
        "linter": "eslint"
      }
    },
    "@nrwl/nest": {
      "application": {
        "linter": "eslint"
      }
    },
    "@nrwl/express": {
      "application": {
        "linter": "eslint"
      }
    }
  },
  "defaultProject": "webapp-shell"
}